<?xml version="1.0" encoding="utf-8"?>
<ApplicationInstallerManifest>
   <DefaultInstallationDirectory>/Applications/Model_Fitting_GUI/</DefaultInstallationDirectory>
   <ApplicationName>ModelFittingGUI</ApplicationName>
   <ExecutableName>application/ModelFittingGUI.exe</ExecutableName>
   <GUID>a77ef1d9-3806-41bd-8038-791fda8e0bbb</GUID>
   <ApplicationIcon>default_icon_48.png</ApplicationIcon>
   <Logo>default_logo.png</Logo>
   <Version>1.0</Version>
   <InstallationNotes>In the following directions, replace MR/v910 by the directory on the target machine where MATLAB is installed, or MR by the directory where the MATLAB Runtime is installed.

If the environment variable DYLD_LIBRARY_PATH is undefined, set it to the following string:

MR/v910/runtime/maci64:MR/v910/sys/os/maci64:MR/v910/bin/maci64

If it is defined, set it to the following:

${DYLD_LIBRARY_PATH}:MR/v910/runtime/maci64:MR/v910/sys/os/maci64:MR/v910/bin/maci64
</InstallationNotes>
   <WelcomePanelText>ModelFittingGUI 1.0
Kevin Robben
kevin-robben@uiowa.edu</WelcomePanelText>
   <MCRProducts>
      <MCRProduct>
         <ExternalProductIdentifier>35000</ExternalProductIdentifier>
      </MCRProduct>
      <MCRProduct>
         <ExternalProductIdentifier>35010</ExternalProductIdentifier>
      </MCRProduct>
      <MCRProduct>
         <ExternalProductIdentifier>35106</ExternalProductIdentifier>
      </MCRProduct>
      <MCRProduct>
         <ExternalProductIdentifier>35119</ExternalProductIdentifier>
      </MCRProduct>
      <MCRProduct>
         <ExternalProductIdentifier>35160</ExternalProductIdentifier>
      </MCRProduct>
      <MCRProduct>
         <ExternalProductIdentifier>35180</ExternalProductIdentifier>
      </MCRProduct>
      <MCRProduct>
         <ExternalProductIdentifier>35380</ExternalProductIdentifier>
      </MCRProduct>
   </MCRProducts>
</ApplicationInstallerManifest>